{"count":5,"results":[{"id":2,"name":"Zar i ti, sine Brute?","description":"Dekriptirajte sljede\u0107u poruku:\r\n**Yrolp VLV**\r\n","max_attempts":0,"value":10,"category":"Kriptografija","type":"standard","state":"visible","requirements":null},{"id":3,"name":"Do\u0111oh, vidjeh, pobjedih","description":"Prona\u0111ite skrivenu poruku u prilo\u017eenoj slici.","max_attempts":0,"value":20,"category":"Steganografija","type":"standard","state":"visible","requirements":null},{"id":4,"name":"Pazi se morskog psa","description":"Analizirajte mre\u017eni promet i prona\u0111ite zastavicu.","max_attempts":0,"value":25,"category":"Digitalna forenzika","type":"standard","state":"visible","requirements":null},{"id":5,"name":"Ime je znamen","description":"Analizirajte prilo\u017eeni izvr\u0161ni program i prona\u0111ite tajnu \u0161ifru.","max_attempts":0,"value":50,"category":"Obrnuto in\u017eenjerstvo","type":"standard","state":"visible","requirements":null},{"id":6,"name":"Kakav \u017eivot, takva smrt","description":"Otkrijte zastavicu u sljede\u0107em nizu:\r\n[\"TG9yZW0gaXBzdW0gZG9sb3Igc\", \"2l0IGFtZXQsIGNvbnNlY3RldHVyI\", \"GFkaXBpc2NpbmcgZWxpdC4gWk\", \"FTVEFWSUNBID0gTk/FvSBNYXV\", \"yaXMgYmxhbmRpdCBqdXN0byBh\", \"dCB0ZW1wb3IgcGVsbGVudGVzcX\", \"VlLiBJbnRlZ2VyIG9ybmFyZSBhdC\", \"BmZWxpcyBldCBtb2xsaXMuIEV0a\", \"WFtIGV1aXNtb2QgZGlhbSBzZWQ\", \"gbnVsbGEgZmFjaWxpc2lzLCBpbiB\", \"zdXNjaXBpdCBtYWduYSBmcmluZ\", \"2lsbGEu\"]","max_attempts":0,"value":10,"category":"Programiranje","type":"standard","state":"visible","requirements":null}],"meta":{}}