{"count":5,"results":[{"id":1,"type":"standard","challenge_id":2,"content":"[Cezarova \u0161ifra](https://hr.wikipedia.org/wiki/Cezarova_%C5%A1ifra)","cost":0,"requirements":null},{"id":2,"type":"standard","challenge_id":3,"content":"[Steganografija](https://security.foi.hr/wiki/index.php/Steganografija.html)","cost":5,"requirements":null},{"id":3,"type":"standard","challenge_id":4,"content":"IP: 161.53.120.251","cost":5,"requirements":null},{"id":4,"type":"standard","challenge_id":5,"content":"[Dekompilator](https://hr.wikipedia.org/wiki/Dekompilator)","cost":5,"requirements":null},{"id":6,"type":"standard","challenge_id":6,"content":"Base64","cost":5,"requirements":null}],"meta":{}}