{"count":2,"results":[{"id":1,"oauth_id":null,"name":"admin","password":"$bcrypt-sha256$2b,12$uVPNpkmlO0vUPxkz/9RMJ.$8jPEsZc0q7NkLFhGom2LDYWZ.YL5JCu","email":"antoniomax98@gmail.com","type":"admin","secret":null,"website":null,"affiliation":null,"country":null,"bracket":null,"hidden":1,"banned":0,"verified":0,"team_id":null,"created":"2021-01-09T15:13:30"},{"id":2,"oauth_id":null,"name":"user","password":"$bcrypt-sha256$2b,12$ZV5JhIsKO.u596bItl73gO$QFvu7ZIDt6i3Pmjr3/1EQ7hAaDeEPqu","email":"user@gmail.com","type":"user","secret":null,"website":null,"affiliation":null,"country":null,"bracket":null,"hidden":0,"banned":0,"verified":0,"team_id":null,"created":"2021-01-09T15:17:33"}],"meta":{}}